Date,DAU,DNU,retain_rate_1,Old_DAU,,,,,,,,,Old_DAU
2019/1/1,109502,109556,0.2142,,,,,,,,,,
2019/1/2,141963,118486,0.2258,,,,,,,,,,
2019/1/3,172596,130724,0.2202,,,,,,,,,,
2019/1/4,182866,123758,0.2134,,,,,,,,,,
2019/1/5,199017,129873,0.2074,,,,,,,,,,
2019/1/6,208541,126311,0.2131,,,,,,,,,,
2019/1/7,232509,138728,0.2411,,,,,,,,,,
2019/1/8,246516,135003,0.2177,,,,,,,,,,
2019/1/9,269023,147565,0.2104,,,,,,,,,,
2019/1/10,274159,141885,0.1958,,,,,,,,,,
2019/1/11,270284,136273,0.176,,,,,,,,,,
2019/1/12,278811,145916,0.1677,,,,,,,,,,
2019/1/13,282543,147987,0.1528,,,,,,,,,,
2019/1/14,282520,133044,0.1827,,,,,,,,,,
2019/1/15,293556,137481,0.1776,,,,,,,,,,
2019/1/16,303590,145271,0.1688,,,,,,,,,,
2019/1/17,324303,156429,0.1543,,,,,,,,,,
2019/1/18,343774,169533,0.1364,,,,,,,,,,
2019/1/19,343661,172650,0.1232,,,,,,,,,,
2019/1/20,342141,168009,0.12,,,,,,,,,,
2019/1/21,362012,178160,0.1656,,,,,,,,,,
2019/1/22,372468,179638,0.1333,,,,,,,,,,
2019/1/23,360255,166044,0.1295,,,,,,,,,,
2019/1/24,357018,155067,0.1478,,,,,,,,,,
2019/1/25,341353,134545,0.153,,,,,,,,,,
2019/1/26,356009,155235,0.1389,,,,,,,,,,
2019/1/27,434330,162385.4286,0.141157143,,,,,,,,,,
2019/1/28,331519,112662,0.174,,,,,,,,,,
2019/1/29,310549,89769,0.1826,,,,,,,,,,
2019/1/30,283082,71856,0.2204,,,,,,,,,,
2019/1/31,300390,75980,0.2161,,,,,,,,,,
2019/2/1,319317,71891,0.2126,,,,,,,,,,
2019/2/2,290406,65968,0.2062,,,,,,,,,,
2019/2/3,263659,58332,0.1965,,,,,,,,,,
2019/2/4,250940,50361,0.1903,,,,,,,,,,
2019/2/5,224659,46321,0.202,,,,,,,,,,
2019/2/6,218293,44629,0.2087,,,,,,,,,,
2019/2/7,220911,45061,0.2167,,,,,,,,,,
2019/2/8,231535,46758,0.2156,,,,,,,,,,
2019/2/9,242608,51521,0.2223,,,,,,,,,,
2019/2/10,257072,54209,0.2212,,,,,,,,,,
2019/2/11,292970,67230,0.2284,,,,,,,,,,
2019/2/12,313349,73939,0.2174,,,,,,,,,,
2019/2/13,304857,70663,0.228,,,,,,,,,,
2019/2/14,322890,70864,0.224,,,,,,,,,,
2019/2/15,333437,74670,0.2136,,,,,,,,,,
2019/2/16,317122,68076,0.2151,,,,,,,,,,
2019/2/17,317790,67662,0.2183,,,,,,,,,,
2019/2/18,359203,76481,0.2187,,,,,,,,,,
2019/2/19,418695,141974,0.1812,,,,,,,,,,
2019/2/20,376109,82636,0.207,,,,,,,,,,
2019/2/21,364729,73392,0.2119,,,,,,,,,,
2019/2/22,361854,70271,0.2024,,,,,,,,,,
2019/2/23,371271,70334,0.2097,,,,,,,,,,
2019/2/24,363797,74434,0.2097,,,,,,,,,,
2019/2/25,397138,75156,0.2148,,,,,,,,,,
2019/2/26,387455,79908,0.2037,,,,,,,,,,
2019/2/27,386920,75161.57143,0.208457143,,,,,,,,,,
2019/2/28,399995,78981,0.2123,,,,,,,,,,
2019/3/1,448779,76206,0.2122,,,,,,,,,,
2019/3/2,424845,91099,0.2318,,,,,,,,,,
2019/3/3,404012,80141,0.2252,,,,,,,,,,
2019/3/4,417480,75099,0.2231,,,,,,,,,,
2019/3/5,422931,76835,0.2212,,,,,,,,,,
2019/3/6,426035,80322,0.2248,,,,,,,,,,
2019/3/7,458986,91094,0.2031,,,,,,,,,,
2019/3/8,438127,82373,0.2073,,,,,,,,,,
2019/3/9,428866,82249,0.216,,,,,,,,,,
2019/3/10,421707,78304,0.2085,,,,,,,,,,
2019/3/11,445650,78134,0.2177,,,,,,,,,,
2019/3/12,449157,79145,0.2116,,,,,,,,,,
2019/3/13,451721,79830,0.2161,,,,,,,,,,
2019/3/14,461288,77467,0.2062,,,,,,,,,,
2019/3/15,462880,82070,0.1937,,,,,,,,,,
2019/3/16,435817,84627,0.1964,,,,,,,,,,
2019/3/17,437437,83208,0.2018,,,,,,,,,,
2019/3/18,489853,89340,0.2067,,,,,,,,,,
2019/3/19,512442,98199,0.1986,,,,,,,,,,
2019/3/20,529124,98564,0.2116,,,,,,,,,,
2019/3/21,529645,90758,0.2213,,,,,,,,,,
2019/3/22,529019,93794,0.2124,,,,,,,,,,
2019/3/23,518350,100614,0.2179,,,,,,,,,,
2019/3/24,519770,99242,0.2159,,,,,,,,,,
2019/3/25,575824,102909,0.2203,,,,,,,,,,
2019/3/26,585333,108835,0.2172,,,,,,,,,,
2019/3/27,584098,117339,0.2118,,,,,,,,,,
2019/3/28,600447,125017,0.208,,,,,,,,,,
2019/3/29,659534,161031,0.1869,,,,,,,,,,
2019/3/30,571715,116426.7143,0.211142857,,,,,,,,,,
2019/3/31,571219,114510,0.198,,,,,,,,,,
2019/4/1,687860,120654,0.2366,,,,,,,,,,
2019/4/2,695174,123716,0.2126,,,,,,,,,,
2019/4/3,636990,127414,0.2132,,,,,,,,,,
2019/4/4,626277,118549,0.2003,,,,,,,,,,
2019/4/5,580162,113816,0.2017,,,,,,,,,,
2019/4/6,585685,114343,0.1998,,,,,,,,,,
2019/4/7,603866,115061,0.2049,,,,,,,,,,
2019/4/8,656383,117583,0.2133,,,,,,,,,,
2019/4/9,662431,118819,0.2107,,,,,,,,,,
2019/4/10,652873,115641,0.2199,,,,,,,,,,
2019/4/11,647122,117802,0.2025,,,,,,,,,,
2019/4/12,639229,118114,0.193,,,,,,,,,,
2019/4/13,649987,132692,0.191,,,,,,,,,,
2019/4/14,634899,124316,0.1894,,,,,,,,,,
2019/4/15,688059,123023,0.2071,,,,,,,,,,
2019/4/16,683720,129602,0.1923,,,,,,,,,,
2019/4/17,699435,124090,0.2037,,,,,,,,,,
2019/4/18,756416,132308,0.2201,,,,,,,,,,
2019/4/19,731320,127178,0.1961,,,,,,,,,,
2019/4/20,686921,118142,0.1929,,,,,,,,,,
2019/4/21,662815,115877,0.1905,,,,,,,,,,
2019/4/22,719461,116234,0.2057,,,,,,,,,,
2019/4/23,714918,117421,0.2078,,,,,,,,,,
2019/4/24,713941,120175,0.208,,,,,,,,,,
2019/4/25,755932,123337,0.2043,,,,,,,,,,
2019/4/26,724617,119567,0.2006,,,,,,,,,,
2019/4/27,723830,117371,0.2027,,,,,,,,,,
2019/4/28,730191,118579,0.2063,,,,,,,,,,
2019/4/29,744878,121391,0.1972,,,,,,,,,,
2019/4/30,742678,119691.5714,0.203842857,,,,,,,,,,
2019/5/1,791434,126102,0.2102,,,,,,,,,,
2019/5/2,765000,123672,0.2064,,,,,,,,,,
2019/5/3,743873,126863,0.2031,,,,,,,,,,
2019/5/4,779240,128159,0.2005,,,,,,,,,,
2019/5/5,791284,135617,0.1769,,,,,,,,,,
2019/5/6,722003,126532,0.0938,,,,,,,,,,
2019/5/7,507655,122907,0.1321,,,,,,,,,,
2019/5/8,563031,124753,0.22,,,,,,,,,,
2019/5/9,824856,121443,0.2123,,,,,,,,,,
2019/5/10,794878,118251,0.198,,,,,,,,,,
2019/5/11,783577,115065,0.2106,,,,,,,,,,
2019/5/12,763515,113525,0.197,,,,,,,,,,
2019/5/13,806420,118226,0.2049,,,,,,,,,,
2019/5/14,817546,121874,0.2312,,,,,,,,,,
2019/5/15,845816,127363,0.2062,,,,,,,,,,
2019/5/16,872438,130522,0.1962,,,,,,,,,,
2019/5/17,846461,131277,0.1882,,,,,,,,,,
2019/5/18,843592,138899,0.1909,,,,,,,,,,
2019/5/19,835387,138093,0.2003,,,,,,,,,,
2019/5/20,928178,147017,0.2219,,,,,,,,,,
2019/5/21,947698,154497,0.2226,,,,,,,,,,
2019/5/22,929402,153650,0.2142,,,,,,,,,,
2019/5/23,936751,165363,0.2577,,,,,,,,,,
2019/5/24,1058202,239877,0.2751,,,,,,,,,,
2019/5/25,1103114,257128,0.2683,,,,,,,,,,
2019/5/26,1143815,247053,0.2524,,,,,,,,,,
2019/5/27,1209748,259342,0.2682,,,,,,,,,,
2019/5/28,1218867,267275,0.2766,,,,,,,,,,
2019/5/29,1242194,259821,0.2627,,,,,,,,,,
2019/5/30,1270058,262007,0.2414,,,,,,,,,,
2019/5/31,1306380,256071.8571,0.263528571,,,,,,,,,,
2019/6/1,1699707,494921,0.267,,,,,,,,,,
2019/6/2,1505477,311274,0.2458,,,,,,,,,,
2019/6/3,1500177,276738,0.243,,,,,,,,,,
2019/6/4,1460803,263867,0.2395,,,,,,,,,,
2019/6/5,1509664,264534,0.2377,,,,,,,,,,
2019/6/6,1499697,290460,0.2231,,,,,,,,,,
2019/6/7,1362864,256324,0.2298,,,,,,,,,,
2019/6/8,1426296,271137,0.2426,,,,,,,,,,
2019/6/9,1498763,283887,0.2343,,,,,,,,,,
2019/6/10,1630305,310677,0.2474,,,,,,,,,,
2019/6/11,1651977,313759,0.2546,,,,,,,,,,
2019/6/12,1692334,313963,0.2837,,,,,,,,,,
2019/6/13,1763354,321190,0.256,,,,,,,,,,
2019/6/14,1747301,313958,0.2665,,,,,,,,,,
2019/6/15,1817193,341439,0.2837,,,,,,,,,,
2019/6/16,2119496,504307,0.2755,,,,,,,,,,
2019/6/17,2181459,445300,0.3122,,,,,,,,,,
2019/6/18,2996598,962381,0.2539,,,,,,,,,,
2019/6/19,2302444,395214,0.2468,,,,,,,,,,
2019/6/20,2190470,323342,0.2353,,,,,,,,,,
2019/6/21,1897611,208490,0.2184,,,,,,,,,,
2019/6/22,1765415,200527,0.2272,,,,,,,,,,
2019/6/23,1718175,196588,0.2223,,,,,,,,,,
2019/6/24,1747939,182688,0.2227,,,,,,,,,,
2019/6/25,1803484,160333,0.2173,,,,,,,,,,
2019/6/26,1767071,195521,0.2676,,,,,,,,,,
2019/6/27,1726456,160422,0.2615,,,,,,,,,,
2019/6/28,1743636,162009,0.2519,,,,,,,,,,
2019/6/29,1690642,169625,0.2454,,,,,,,,,,
2019/6/30,1669761,157170,0.2607,,,,,,,,,,
2019/7/1,1952745,169681.1429,0.246728571,,,,,,,,,,
2019/7/2,1793249,179835,0.2142,,,,,,,,,,
2019/7/3,1738119,180749,0.21,,,,,,,,,,
2019/7/4,1740029,180087,0.2001,,,,,,,,,,
2019/7/5,1699937,168451,0.1906,,,,,,,,,,
2019/7/6,1590610,165750,0.184,,,,,,,,,,
2019/7/7,1536352,169322,0,,,,,,,,,,
2019/7/8,1616301,171654,0.1893,,,,,,,,,,
2019/7/9,1671596,178557,0.198,,,,,,,,,,
2019/7/10,1710819,189027,0.1864,,,,,,,,,,
2019/7/11,1682718,185616,0.185,,,,,,,,,,
2019/7/12,1607779,182118,0.1762,,,,,,,,,,
2019/7/13,1554805,179611,0.1813,,,,,,,,,,
2019/7/14,1585979,172271,0.1845,,,,,,,,,,
2019/7/15,1678551,165747,0.1884,,,,,,,,,,
2019/7/16,1667877,160429,0.1988,,,,,,,,,,
2019/7/17,1604560,164576,0.1964,,,,,,,,,,
2019/7/18,1673073,165268,0.1972,,,,,,,,,,
2019/7/19,1599176,168795,0.1851,,,,,,,,,,
2019/7/20,1531784,159929,0.1925,,,,,,,,,,
2019/7/21,1524984,167877,0.193,,,,,,,,,,
2019/7/22,1596462,159859,0.2225,,,,,,,,,,
2019/7/23,1668131,172617,0.2067,,,,,,,,,,
2019/7/24,1641217,179179,0.2017,,,,,,,,,,
2019/7/25,1657599,170531,0.1988,,,,,,,,,,
2019/7/26,1684028,162594,0.2026,,,,,,,,,,
2019/7/27,1621038,158742,0.2025,,,,,,,,,,
2019/7/28,1638083,157497,0.1991,,,,,,,,,,
2019/7/29,1638422,160005,0.2083,,,,,,,,,,
2019/7/30,1665525,175249,0.2072,,,,,,,,,,
2019/7/31,1721488,174951,0.2058,,,,,,,,,,
2019/8/1,1926115,199259,0.2179,,,,,,,,,,
2019/8/2,1895185,214749,0.2178,,,,,,,,,,
2019/8/3,1809959,204762,0.2111,,,,,,,,,,
2019/8/4,1712913,194749,0.1962,,,,,,,,,,
2019/8/5,1787391,185745,0.2013,,,,,,,,,,
2019/8/6,1822930,191000,0.1991,,,,,,,,,,
2019/8/7,1750740,184245,0.2203,,,,,,,,,,
2019/8/8,1806536,180543,0.214,,,,,,,,,,
2019/8/9,1790727,174077,0.2046,,,,,,,,,,
2019/8/10,1791498,164079,0.2043,,,,,,,,,,
2019/8/11,1712250,157055,0.2086,,,,,,,,,,
2019/8/12,1858332,188512,0.2174,,,,,,,,,,
2019/8/13,1914268,199602,0.2196,,,,,,,,,,
2019/8/14,1880352,204718,0.2181,,,,,,,,,,
2019/8/15,2018860,210631,0.2148,,,,,,,,,,
2019/8/16,1935503,183493,0.2229,,,,,,,,,,
2019/8/17,1894557,194955,0.2295,,,,,,,,,,
2019/8/18,2017307,204824,0.2151,,,,,,,,,,
2019/8/19,1970729,192145,0.2126,,,,,,,,,,
2019/8/20,2074059,214420,0.2068,,,,,,,,,,
2019/8/21,1934574,183130,0.2048,,,,,,,,,,
2019/8/22,1935021,184589,0.193,,,,,,,,,,
2019/8/23,1926626,201975,0.1616,,,,,,,,,,
2019/8/24,1860499,193285,0.1718,,,,,,,,,,
2019/8/25,1903967,175958,0.1874,,,,,,,,,,
2019/8/26,1977449,167546,0.2086,,,,,,,,,,
2019/8/27,1965978,173374,0.2127,,,,,,,,,,
2019/8/28,1972267,181404,0.1935,,,,,,,,,,
2019/8/29,1928247,181737,0.184,,,,,,,,,,
2019/8/30,1930156,188388,0.1736,,,,,,,,,,
2019/8/31,1880829,161905,0.2103,,,,,,,,,,
2019/9/1,2151587,167316,0.2038,,,,,,,,,,
2019/9/2,2118857,164126,0.2072,,,,,,,,,,
2019/9/3,1996547,159158,0.2122,,,,,,,,,,
2019/9/4,2006687,166087,0.2133,,,,,,,,,,
2019/9/5,2008258,159151,0.2145,,,,,,,,,,
2019/9/6,2000446,157019,0.2013,,,,,,,,,,
2019/9/7,1920607,159966,0.2062,,,,,,,,,,
2019/9/8,2009052,169419,0.2024,,,,,,,,,,
2019/9/9,2064493,173801,0.2077,,,,,,,,,,
2019/9/10,2061144,153304,0.2106,,,,,,,,,,
2019/9/11,1981561,156771,0.1854,,,,,,,,,,
2019/9/12,1909789,138390,0.1851,,,,,,,,,,
2019/9/13,1784560,140112,0.1925,,,,,,,,,,
2019/9/14,1867673,147844,0.2065,,,,,,,,,,
2019/9/15,1916832,152456,0.2084,,,,,,,,,,
2019/9/16,2015145,152116,0.2132,,,,,,,,,,
2019/9/17,1969197,158098,0.2119,,,,,,,,,,
2019/9/18,2002165,160601,0.2056,,,,,,,,,,
2019/9/19,2010845,159811,0.2144,,,,,,,,,,
2019/9/20,2020431,157063,0.2097,,,,,,,,,,
2019/9/21,2000086,160415,0.2021,,,,,,,,,,
2019/9/22,2025064,165309,0.2135,,,,,,,,,,
2019/9/23,2078386,151845,0.2238,,,,,,,,,,
2019/9/24,2079796,155857,0.2289,,,,,,,,,,
2019/9/25,2178429,167625,0.2141,,,,,,,,,,
2019/9/26,2103688,169694,0.2064,,,,,,,,,,
2019/9/27,2152721,161476,0.2075,,,,,,,,,,
2019/9/28,2137896,164235,0.2073,,,,,,,,,,
2019/9/29,2098693,156422,0.2092,,,,,,,,,,
2019/9/30,2096565,151949,0.1974,,,,,,,,,,
2019/10/1,2218180,155103,0.2023,,,,,,,,,,
2019/10/2,2203095,157807,0.2082,,,,,,,,,,
2019/10/3,2128264,158072,0.206,,,,,,,,,,
2019/10/4,2057400,159146,0.2052,,,,,,,,,,
2019/10/5,2147980,159242,0.2078,,,,,,,,,,
2019/10/6,2120332,160730,0.2082,,,,,,,,,,
2019/10/7,2201494,165310,0.2114,,,,,,,,,,
2019/10/8,2238763,171066,0.2162,,,,,,,,,,
2019/10/9,2242022,170841,0.2163,,,,,,,,,,
2019/10/10,2239505,166884,0.2082,,,,,,,,,,
2019/10/11,2168049,153996,0.2101,,,,,,,,,,
2019/10/12,2218023,159055,0.1959,,,,,,,,,,
2019/10/13,2099145,161060,0.1845,,,,,,,,,,
2019/10/14,2170003,156251,0.2052,,,,,,,,,,
2019/10/15,2240838,150291,0.2192,,,,,,,,,,
2019/10/16,2219813,160120,0.2089,,,,,,,,,,
2019/10/17,2160480,153692,0.2184,,,,,,,,,,
2019/10/18,2470426,250997,0.216,,,,,,,,,,
2019/10/19,2428191,244693,0.224,,,,,,,,,,
2019/10/20,2378727,251225,0.2353,,,,,,,,,,
2019/10/21,2564519,287678,0.2407,,,,,,,,,,
2019/10/22,2541166,285959,0.2299,,,,,,,,,,
2019/10/23,2502983,261236,0.2276,,,,,,,,,,
2019/10/24,2492004,248298,0.2226,,,,,,,,,,
2019/10/25,2514001,272276,0.2083,,,,,,,,,,
2019/10/26,2601701,273146,0.2055,,,,,,,,,,
2019/10/27,2465440,263102,0.208,,,,,,,,,,
2019/10/28,2508550,246461,0.2261,,,,,,,,,,
2019/10/29,2565596,246590,0.2324,,,,,,,,,,
2019/10/30,2574242,247429,0.2395,,,,,,,,,,
2019/10/31,2743034,273702,0.2488,,,,,,,,,,
2019/11/1,3557247,421053,0.2286,,,,,,,,,,
2019/11/2,3088540,349765,0.2232,,,,,,,,,,
2019/11/3,2876140,337367,0.2255,,,,,,,,,,
2019/11/4,2953149,317305,0.2347,,,,,,,,,,
2019/11/5,2915126,308472,0.2262,,,,,,,,,,
2019/11/6,2848473,301670,0.2256,,,,,,,,,,
2019/11/7,2793906,294191,0.2251,,,,,,,,,,
2019/11/8,2887846,283861,0.2248,,,,,,,,,,
2019/11/9,3021628,319982,0.2231,,,,,,,,,,
2019/11/10,3201033,393120,0.2676,,,,,,,,,,
2019/11/11,4588291,733385,0.2035,,,,,,,,,,
2019/11/12,3088580,309396,0.2117,,,,,,,,,,
2019/11/13,2865332,258315,0.2073,,,,,,,,,,
2019/11/14,2681498,227416,0.2033,,,,,,,,,,
2019/11/15,2721902,224684,0.1934,,,,,,,,,,
2019/11/16,2760419,227150,0.196,,,,,,,,,,
2019/11/17,2575071,210736,0.1979,,,,,,,,,,
2019/11/18,2585666,195671,0.2102,,,,,,,,,,
2019/11/19,2596506,199603,0.2102,,,,,,,,,,
2019/11/20,2594438,206338,0.2149,,,,,,,,,,
2019/11/21,2625287,213097,0.2248,,,,,,,,,,
2019/11/22,2710565,233505,0.2405,,,,,,,,,,
2019/11/23,2788945,229255,0.2469,,,,,,,,,,
2019/11/24,2701584,227441,0.2458,,,,,,,,,,
2019/11/25,2904563,232397,0.244,,,,,,,,,,
2019/11/26,2825305,229723,0.2435,,,,,,,,,,
2019/11/27,2847631,232405,0.2324,,,,,,,,,,
2019/11/28,2877147,217482,0.2225,,,,,,,,,,
2019/11/29,2806043,211724,0.2186,,,,,,,,,,
2019/11/30,2841772,212360,0.2134,,,,,,,,,,
2019/12/1,3107001,252349,0.2184,,,,,,,,,,
2019/12/2,3181189,233834,0.2245,,,,,,,,,,
2019/12/3,3111207,238531,0.2227,,,,,,,,,,
2019/12/4,3032810,245316,0.2221,,,,,,,,,,
2019/12/5,3023179,241002,0.2223,,,,,,,,,,
2019/12/6,2996906,234867,0.2177,,,,,,,,,,
2019/12/7,2985816,239588,0.2187,,,,,,,,,,
2019/12/8,2934057,248938,0.2136,,,,,,,,,,
2019/12/9,3157874,249417,0.2313,,,,,,,,,,
2019/12/10,3145596,264954,0.2284,,,,,,,,,,
2019/12/11,3198912,282057,0.2508,,,,,,,,,,
2019/12/12,3644562,443846,0.2143,,,,,,,,,,
2019/12/13,3124258,290141,0.2178,,,,,,,,,,
2019/12/14,3116373,278115,0.2281,,,,,,,,,,
2019/12/15,3088305,279409,0.2202,,,,,,,,,,
2019/12/16,3264301,273088,0.2307,,,,,,,,,,
2019/12/17,3243004,274447,0.2363,,,,,,,,,,
2019/12/18,3199523,268098,0.2336,,,,,,,,,,
2019/12/19,3195099,260383,0.2266,,,,,,,,,,
2019/12/20,3063589,241442,0.226,,,,,,,,,,
2019/12/21,3077718,251036,0.2196,,,,,,,,,,
2019/12/22,2988603,256384,0.2178,,,,,,,,,,
2019/12/23,3232807,273824,0.24,,,,,,,,,,
2019/12/24,3263781,268682,0.2442,,,,,,,,,,
2019/12/25,3341028,276136,0.2391,,,,,,,,,,
2019/12/26,3249206,267793,0.2319,,,,,,,,,,
2019/12/27,3173480,253963,0.2246,,,,,,,,,,
2019/12/28,3216376,270555,0.213,,,,,,,,,,
2019/12/29,3034148,251650,0.2197,,,,,,,,,,
2019/12/30,3323334,278764,0.2421,,,,,,,,,,
2019/12/31,3351508,260696,0.237,,,,,,,,,,
2020/1/1,3705490,318570,0.2319,,,,,,,,,,
2020/1/2,3696560,302668,0.2406,,,,,,,,,,
2020/1/3,3582615,292880,0.2375,,,,,,,,,,
2020/1/4,3547977,295585,0.2468,,,,,,,,,,
2020/1/5,3503937,286508,0.2343,,,,,,,,,,
2020/1/6,3534964,305268,0.2359,,,,,,,,,,
2020/1/7,3452085,274885,0.2282,,,,,,,,,,
2020/1/8,3448791,275441,0.2322,,,,,,,,,,
2020/1/9,3693406,269339,0.2372,,,,,,,,,,
2020/1/10,3593419,251018,0.2296,,,,,,,,,,
2020/1/11,3495691,237041,0.2238,,,,,,,,,,
2020/1/12,3298553,226506,0.2221,,,,,,,,,,
2020/1/13,3346111,227018,0.2271,,,,,,,,,,
2020/1/14,3365035,223698,0.2254,,,,,,,,,,
2020/1/15,3477922,220841,0.2256,,,,,,,,,,
2020/1/16,3389960,222113,0.2304,,,,,,,,,,
2020/1/17,4057382,684500,0.104,,,,,,,,,,
2020/1/18,3392046,221603,0.2052,,,,,,,,,,
2020/1/19,3201167,202689,0.2067,,,,,,,,,,
2020/1/20,3796330.8,184641,0.2078,,3163609,,,,,,,,
2020/1/21,3705567.6,173522,0.2126,,3087973,,,,,,,,
2020/1/22,3545305.2,160181,0.2109,,2954421,,,,,,,,
2020/1/23,3343839.6,136338,0.2012,,2786533,,,,,,,,
2020/1/24,4091168.4,612326,0.1072,,3409307,,,,,,,,
2020/1/25,4090918.8,556270,0.0756,,3409099,,,,,,,,
2020/1/26,3166748.4,210316,0.1237,,2638957,,,,,,,,
2020/1/27,3109879.2,117112,0.1903,,2591566,,,,,,,,
2020/1/28,3161874,85559,0.2225,,2634895,,,,,,,,
2020/1/29,3184176,85059,0.2177,,2653480,,,,,,,,
2020/1/30,3086746.8,85683,0.2186,,2572289,,,,,,,,
2020/1/31,3086232,89112,0.2162,,2571860,,,,,,,,
2020/2/1,3461493.6,97745,0.2129,,2884578,,,,,,,,
2020/2/2,3342609.6,102547,0.2375,,2785508,,,,,,,,
2020/2/3,3556605.6,116746,0.2304,,2963838,,,,,,,,
2020/2/4,3398695.2,119030,0.2231,,2832246,,,,,,,,
2020/2/5,3381228,108367,0.2218,,2817690,,,,,,,,
2020/2/6,3335830.8,103303,0.2253,,2779859,,,,,,,,
2020/2/7,3516966,113105,0.2391,,2930805,,,,,,,,
2020/2/8,3560415.6,118087,0.2361,,2967013,,,,,,,,
2020/2/9,3579679.2,117175,0.2309,,2983066,,,,,,,,
2020/2/10,3521107.2,124590,0.2315,,2934256,,,,,,,,
2020/2/11,3609529.2,129576,0.2319,,3007941,,,,,,,,
2020/2/12,3616299.6,143624,0.2351,,3013583,,,,,,,,
2020/2/13,3609408,135220,0.2315,,3007840,,,,,,,,
2020/2/14,3556467.6,141520,0.2219,,2963723,,,,,,,,
2020/2/15,3717816,146614,0.2279,,3098180,,,,,,,,
2020/2/16,3524874,142692,0.2205,,2937395,,,,,,,,
2020/2/17,3387967.2,137158,0.2275,,2823306,,,,,,,,
2020/2/18,3401761.2,138875,0.2264,,2834801,,,,,,,,
2020/2/19,3437378.4,143043,0.2281,,2864482,,,,,,,,
2020/2/20,3510177.6,145702,0.2195,,2925148,,,,,,,,
2020/2/21,3459435.6,141355,0.2233,,2882863,,,,,,,,
2020/2/22,3547312.8,142528,0.222,,2956094,,,,,,,,
2020/2/23,3368154,142405,0.2196,,2806795,,,,,,,,
2020/2/24,3501810,140582,0.2287,,2918175,,,,,,,,
2020/2/25,3591480,138876,0.2266,,2992900,,,,,,,,
2020/2/26,3593172,142403,0.2241,,2994310,,,,,,,,
2020/2/27,3593668.8,147281,0.2269,,2994724,,,,,,,,
2020/2/28,3674284.8,149786,0.2222,,3061904,,,,,,,,
2020/2/29,3723916.8,145581,0.2234,,3103264,,,,,,,,
2020/3/1,3849248.4,144377,0.2234,,3207707,,,,,,,,
2020/3/2,3820767.6,157011,0.2308,,3183973,,,,,,,,
2020/3/3,3909036,156521,0.2328,,3257530,,,,,,,,
2020/3/4,3886159.2,162173,0.2315,,3238466,,,,,,,,
2020/3/5,3931800,163932,0.2288,,3276500,,,,,,,,
2020/3/6,4001341.2,170272,0.2185,,3334451,,,,,,,,
2020/3/7,3991366.8,179662,0.2186,,3326139,,,,,,,,
2020/3/8,3963633.6,183614,0.2139,,3303028,,,,,,,,
2020/3/9,3999753.6,171165,0.2138,,3333128,,,,,,,,
2020/3/10,3953064,162617,0.2087,,3294220,,,,,,,,
2020/3/11,3782079.6,150296,0.2191,,3151733,,,,,,,,
2020/3/12,3816207.6,150693,0.2143,,3180173,,,,,,,,
2020/3/13,3841050,151030,0.2098,,3200875,,,,,,,,
2020/3/14,3786468,142353,0.2103,,3155390,,,,,,,,
2020/3/15,3697274.4,140263,0.2124,,3081062,,,,,,,,
2020/3/16,3751462.8,142417,0.2143,,3126219,,,,,,,,
2020/3/17,3824380.8,148389,0.2166,,3186984,,,,,,,,
2020/3/18,3820904.4,154081,0.2146,,3184087,,,,,,,,
2020/3/19,3822438,150205,0.2353,,3185365,,,,,,,,
2020/3/20,3934530,155235,0.2079,,3278775,,,,,,,,
2020/3/21,3724438.8,140227,0.2061,,3103699,,,,,,,,
2020/3/22,3541479.6,142796,0.2093,,2951233,,,,,,,,
2020/3/23,3659035.2,144522,0.2248,,3049196,,,,,,,,
2020/3/24,3884078.4,151716,0.223,,3236732,,,,,,,,
2020/3/25,3833266.8,153294,0.2216,,3194389,,,,,,,,
2020/3/26,3836529.6,152632,0.215,,3197108,,,,,,,,
2020/3/27,3830356.8,149736,0.209,,3191964,,,,,,,,
2020/3/28,3833209.2,142386,0.2155,,3194341,,,,,,,,
2020/3/29,3761266.8,141070,0.2118,,3134389,,,,,,,,
2020/3/30,3402997,151881,0.2185,,,,,,,,,,
2020/3/31,3510772,150193,0.212,,,,,,,,,,
2020/4/1,3720277,164839,0.2087,,,,,,,,,,
2020/4/2,3463372,164346,0.204,,,,,,,,,,
2020/4/3,3376143,159466,0.1986,,,,,,,,,,
2020/4/4,3311291,162779,0.206,,,,,,,,,,
2020/4/5,3249280,147508,0.2204,,,,,,,,,,
2020/4/6,3406051,153133,0.2079,,,,,,,,,,
2020/4/7,3233963,153043,0.2207,,,,,,,,,,
2020/4/8,3423483,158446,0.2135,,,,,,,,,,
2020/4/9,3440610,155888,0.2194,,,,,,,,,,
2020/4/10,3435643,151115,0.2101,,,,,,,,,,
2020/4/11,3292017,147447,0.2116,,,,,,,,,,
2020/4/12,3357658,140507,0.2134,,,,,,,,,,
2020/4/13,3461052,150304,0.2029,,,,,,,,,,
2020/4/14,3305778,155335,0.207,,,,,,,,,,
2020/4/15,3388309,161028,0.2036,,,,,,,,,,
2020/4/16,3542498,166279,0.198,,,,,,,,,,
2020/4/17,3445992,165434,0.1912,,,,,,,,,,
2020/4/18,3385380,184651,0.1862,,,,,,,,,,
2020/4/19,3415692,182735,0.1718,,,,,,,,,,
2020/4/20,3501476,196921,0.1705,,,,,,,,,,
2020/4/21,3509487,186460,0.1922,,,,,,,,,,
2020/4/22,3438147,176822,0.1807,,,,,,,,,,
2020/4/23,3327581,168176,0.181,,,,,,,,,,
2020/4/24,3367927,169700,0.188,,,,,,,,,,
2020/4/25,3513916,177066,0.1831,,,,,,,,,,
2020/4/26,3360297,168887,0.189,,,,,,,,,,
2020/4/27,3662540,166277,0.1762,,,,,,,,,,
2020/4/28,3542774,172963,0.1764,,,,,,,,,,
2020/4/29,3479222,171623,0.1732,,,,,,,,,,
2020/4/30,3547656,172081,0.1724,,,,,,,,,,
2020/5/1,3560158,185915,0.1771,,,,,,,,,,
2020/5/2,3498644,175838,0.1811,,,,,,,,,,
2020/5/3,3391816,167272,0.1891,,,,,,,,,,
2020/5/4,3577544,168635,0.1817,,,,,,,,,,
2020/5/5,3440465,176518,0.18,,,,,,,,,,
2020/5/6,3468135,168291,0.1818,,,,,,,,,,
2020/5/7,3420077,168825,0.1737,,,,,,,,,,
2020/5/8,3461151,175482,0.174,,,,,,,,,,
2020/5/9,3490141,170068,0.1802,,,,,,,,,,
2020/5/10,3509695,240376,0.2555,,,,,,,,,,
2020/5/11,3468035,175398,0.1781,,,,,,,,,,
2020/5/12,3382664,183657,0.167,,,,,,,,,,
2020/5/13,3391574,163235,0.1842,,,,,,,,,,
2020/5/14,3534127,162367,0.1783,,,,,,,,,,
2020/5/15,3587616,150556,0.1913,,,,,,,,,,
2020/5/16,3362677,145080,0.2029,,,,,,,,,,
2020/5/17,3399887,156575,0.1935,,,,,,,,,,
2020/5/18,3558401,161168,0.202,,,,,,,,,,
2020/5/19,3528543,162795,0.1948,,,,,,,,,,
2020/5/20,3763572,166844,0.1881,,,,,,,,,,
2020/5/21,3657841,177112,0.1794,,,,,,,,,,
2020/5/22,3423042,174840,0.1666,,,,,,,,,,
2020/5/23,3434032,185708,0.1678,,,,,,,,,,
2020/5/24,3489974,188448,0.1539,,,,,,,,,,
2020/5/25,3592619,189489,0.1646,,,,,,,,,,
2020/5/26,3595566,194776,0.1626,,,,,,,,,,
2020/5/27,3667237,203548,0.1606,,,,,,,,,,
2020/5/28,3585966,208619,0.1545,,,,,,,,,,
2020/5/29,3701835,220160,0.155,,,,,,,,,,
2020/5/30,3754722,226471,0.1532,,,,,,,,,,
2020/5/31,3788683,,,,,,,,,,,,
